Path;FileName
E:\eagle\ADV1045BU.mp4;"ADV1045BU - Horizon Cloud on Microsoft Azure Technical Deep Dive.mp4"
E:\eagle\ADV1076BU.mp4;"ADV1076BU - Troubleshooting Your Horizon 7 Deployment.mp4"
E:\eagle\ADV1084BU.mp4;"ADV1084BU - Monitoring Your Horizon Deployments and Users with the Horizon Service.mp4"
E:\eagle\ADV1110BU.mp4;"ADV1110BU - Architecting Workspace ONE The Official Reference Architecture.mp4"
E:\eagle\ADV1111BU.mp4;"ADV1111BU - Architecting Horizon The Official Reference Architecture.mp4"
E:\eagle\ADV1227BU.mp4;"ADV1227BU - Case Study Making It Epic  A Journey to Success.mp4"
E:\eagle\ADV1298BU.mp4;"ADV1298BU - Advantage Admin. How VDI Administrators Can Make Everyone Happy.mp4"
E:\eagle\ADV1299BU.mp4;"ADV1299BU - Employing a CPA How Cloud Pod Architecture Redefines DR and Experiences.mp4"
E:\eagle\ADV1300BU.mp4;"ADV1300BU - One Is Not Enough Multi-Cloud Deployments Enhance Colleague Experiences.mp4"
E:\eagle\ADV1313BU.mp4;"ADV1313BU - NSX-T and Horizon Better Security and Performance for VDI.mp4"
E:\eagle\ADV1322BU.mp4;"ADV1322BU - How to Template a Non-Persistent VDI Solution for Your Enterprise.mp4"
E:\eagle\ADV1337BU.mp4;"ADV1337BU - Beyond the Marketing What's New in Horizon 7.mp4"
E:\eagle\ADV1483BU.mp4;"ADV1483BU - Free Your Horizon to Soar in the Clouds.mp4"
E:\eagle\ADV1581BU.mp4;"ADV1581BU - The Latest and Greatest with VMware Blast Extreme.mp4"
E:\eagle\ADV1583BU.mp4;"ADV1583BU - Horizon Cloud Services Reduce Cost and Complexity in Horizon Deployments.mp4"
E:\eagle\ADV1640BU.mp4;"ADV1640BU - New era of Desktop and App-as-a-Service with VMware and Microsoft Windows Virtual Desktop.mp4"
E:\eagle\ADV1761BU.mp4;"ADV1761BU - Zero Trust Security with Horizon.mp4"
E:\eagle\ADV1798BU.mp4;"ADV1798BU - Unified Access Gateway Securing Virtual Desktop and App Access.mp4"
E:\eagle\ADV1819BU.mp4;"ADV1819BU - Increase IT Efficiency with a Tailored Application Deployment Strategy.mp4"
E:\eagle\ADV1954BU.mp4;"ADV1954BU - Facing the Top 10 Villains of Horizon Cloud.mp4"
E:\eagle\ADV2243BU.mp4;"ADV2243BU - Horizon 7 with VMware Cloud on AWS Deployment Architectures.mp4"
E:\eagle\ADV2272BU.mp4;"ADV2272BU - The (Not So) Dark Art of Application Packaging and Profiling.mp4"
E:\eagle\ADV2485BU.mp4;"ADV2485BU - VMware EUC as a Force for Good.mp4"
E:\eagle\ADV2511BU.mp4;"ADV2511BU - Horizon Delivery Models A Modernized Approach to Desktops and Apps.mp4"
E:\eagle\ADV2549BU.mp4;"ADV2549BU - Horizon and NSX - A Match made in Heaven.mp4"
E:\eagle\ADV2668BU.mp4;"ADV2668BU - Comprehensive architectural overview and deep-dive troubleshooting on UAG.mp4"
E:\eagle\ADV2808BU.mp4;"ADV2808BU - Horizon Disaster Recovery and Cloud Burst to VMware Cloud on AWS A Case Study.mp4"
E:\eagle\ADV2902BU.mp4;"ADV2902BU - Horizon View Upgrades A Relaxing Experience.mp4"
E:\eagle\ADV3037BU.mp4;"ADV3037BU - JMP The Easy Button for Delivering Virtual Desktops and Apps from Cloud.mp4"
E:\eagle\ADV3410BUS.mp4;"ADV3410BUS - Size and Configure Horizon to support Professional Graphics Applications.mp4"
E:\eagle\ADV3758BUS.mp4;"ADV3758BUS - Case Study How Memorial Hermann Transformed Their End-User Computing Experience.mp4"
E:\eagle\ADV5151BU.mp4;"ADV5151BU - Increasing Business Agility with Citrix VDI with VMware Cloud on AWS.mp4"
E:\eagle\BCA1117BU.mp4;"BCA1117BU - A Journey of Oracle Workloads from On-Premises to VMware Cloud on AWS.mp4"
E:\eagle\BCA1181BU.mp4;"BCA1181BU - Monitor All the Things Application Monitoring with vRealize Operations.mp4"
E:\eagle\BCA1257BU.mp4;"BCA1257BU - Keys to Successful SQL Server Availability Deployments with vSphere.mp4"
E:\eagle\BCA1292BU.mp4;"BCA1292BU - Multi-Cloud Application Platforms for Infrastructure Engineers.mp4"
E:\eagle\BCA1332BU.mp4;"BCA1332BU - The Different Forms of Machine Learning How They Fit with VMware.mp4"
E:\eagle\BCA1393BU.mp4;"BCA1393BU - SAP HANA on vSphere 6.7u2 and 2nd Generation IntelXeonScalable Processor Best Practices.mp4"
E:\eagle\BCA1430BU.mp4;"BCA1430BU - Accelerating Application/Database Performance in the Self-Learning SDDC.mp4"
E:\eagle\BCA1482BU.mp4;"BCA1482BU - Extreme Performance Series SQL Server, Oracle, and SAP Monster DB VMs.mp4"
E:\eagle\BCA1542BU.mp4;"BCA1542BU - SQL Server Workloads on VMware vSphere Configuration Recommendations.mp4"
E:\eagle\BCA1563BU.mp4;"BCA1563BU - High-Performance Virtualized Spark Clusters on Kubernetes for Deep Learning.mp4"
E:\eagle\BCA1668BU.mp4;"BCA1668BU - My Application Is Timing Out. Dont Blame the Oracle DBA..mp4"
E:\eagle\BCA1697BU.mp4;"BCA1697BU - Virtualize Your Organization's Research and Science Workloads How and Why.mp4"
E:\eagle\BCA1901BU.mp4;"BCA1901BU - SGX Secure Enclaves The Future of Application Security in the Cloud.mp4"
E:\eagle\BCA2058BU.mp4;"BCA2058BU - VMware SDDC An Ideal Platform for Running High-Performance Computing.mp4"
E:\eagle\BCA2082BU.mp4;"BCA2082BU - Virtualize Active Directory the Right Way.mp4"
E:\eagle\BCA2087BU.mp4;"BCA2087BU - How to Optimize the VMware Support Experience.mp4"
E:\eagle\BCA2149BU.mp4;"BCA2149BU - VM Performance Demystified and Best Practices to Optimize.mp4"
E:\eagle\BCA2290BU.mp4;"BCA2290BU - Heard about Mars v. Oraclexplore Oracle Audits with Experts, Attorneys.mp4"
E:\eagle\BCA2533BU.mp4;"BCA2533BU - Licensing Oracle and SQL Server on vSphere.mp4"
E:\eagle\BCA2626BU.mp4;"BCA2626BU - Elastic AI Infrastructure on vSphere Virtual GPU and FPGA with Bitfusion.mp4"
E:\eagle\BCA2630BU.mp4;"BCA2630BU - Migrate Oracle Unix to Virtual Linux LicenseFortress Assures Compliance.mp4"
E:\eagle\BCA2737BU.mp4;"BCA2737BU - Running SAP Workloads on VMware Cloud on AWS.mp4"
E:\eagle\BCA2740BU.mp4;"BCA2740BU - SAP HANA on vSphere, vSAN, VMware Cloud Roadmap and Certification Strategy.mp4"
E:\eagle\BCA2780BU.mp4;"BCA2780BU - Running with Zero Downtime, Zero Data Loss vSphere Fault Tolerance.mp4"
E:\eagle\BCA2800BU.mp4;"BCA2800BU - Automating Cloud Solutions for SAP.mp4"
E:\eagle\BCA2861BU.mp4;"BCA2861BU - Supporting SQL Server Failover Cluster Instances Without Those Pesky RDMs.mp4"
E:\eagle\BCA3199BU.mp4;"BCA3199BU - Scottish Government Virtualizes Critical Legacy Apps in VMware Cloud on AWS.mp4"
E:\eagle\CNET1028BU.mp4;"CNET1028BU - Demystifying the NSX-T Control and Data Plane.mp4"
E:\eagle\CNET1033BU.mp4;"CNET1033BU - Introduction to NSX Service Mesh.mp4"
E:\eagle\CNET1069BU.mp4;"CNET1069BU - NSX-T Deep Dive Layer 3 Routing.mp4"
E:\eagle\CNET1072BU.mp4;"CNET1072BU - NSX-T Design for Small to Mid-Sized Data Centers.mp4"
E:\eagle\CNET1100BU.mp4;"CNET1100BU - NSX-T for Service Providers Functionality, Technology, Use Cases.mp4"
E:\eagle\CNET1219BU.mp4;"CNET1219BU - VMware Cloud on AWS NSX-T Networking and Security Deep Dive.mp4"
E:\eagle\CNET1243BU.mp4;"CNET1243BU - NSX-T Deep Dive Performance.mp4"
E:\eagle\CNET1244BU.mp4;"CNET1244BU - NSX-T Design for Pivotal Application Service (PAS).mp4"
E:\eagle\CNET1251BU.mp4;"CNET1251BU - NSX-T Install, Upgrade and Day 2 Operations.mp4"
E:\eagle\CNET1270BU.mp4;"CNET1270BU - NSX-T Deep Dive Kubernetes Networking.mp4"
E:\eagle\CNET1296BU.mp4;"CNET1296BU - The Future of Networking with NSX.mp4"
E:\eagle\CNET1334BU.mp4;"CNET1334BU - NSX-T Design for Multi-Site Networking and Disaster Recovery.mp4"
E:\eagle\CNET1356BU.mp4;"CNET1356BU - NSX-T Deep Dive Load Balancing.mp4"
E:\eagle\CNET1365BU.mp4;"CNET1365BU - NSX Cloud Deployment and Architecture Deep Dive.mp4"
E:\eagle\CNET1444BU.mp4;"CNET1444BU - Lessons Learned Deploying OpenShift with VMware SDDC.mp4"
E:\eagle\CNET1474BU.mp4;"CNET1474BU - NSX and Cisco ACI Running Your SDDC on a Cisco Underlay.mp4"
E:\eagle\CNET1498BU.mp4;"CNET1498BU - Transitioning from NSX for vSphere to NSX-T.mp4"
E:\eagle\CNET1511BU.mp4;"CNET1511BU - NSX-T Deep Dive Logical Switching.mp4"
E:\eagle\CNET1575BU.mp4;"CNET1575BU - Introduction to VMware NSX.mp4"
E:\eagle\CNET1579BU.mp4;"CNET1579BU - Digital Transformation with NSX SDDC Quantifying ROI with Data.mp4"
E:\eagle\CNET1582BU.mp4;"CNET1582BU - Extend Your Network and Security to AWS, Azure, and IBM Cloud.mp4"
E:\eagle\CNET1600BU.mp4;"CNET1600BU - NSX Cloud Consistently Extend NSX to AWS and Azure.mp4"
E:\eagle\CNET1692BU.mp4;"CNET1692BU - What's New with vRealize Network Insight (vRNI).mp4"
E:\eagle\CNET1908BU.mp4;"CNET1908BU - NSX-T Design for VMware Validated Designs and VMware Cloud Foundation.mp4"
E:\eagle\CNET1909BU.mp4;"CNET1909BU - NSX-T Deep Dive Policy API.mp4"
E:\eagle\CNET1960BU.mp4;"CNET1960BU - Network Insight Optimize and troubleshoot apps across NSX DC and SD-WAN.mp4"
E:\eagle\CNET2061BU.mp4;"CNET2061BU - Next-Generation Reference Design with NSX-T Part 1.mp4"
E:\eagle\CNET2067BU.mp4;"CNET2067BU - VMware Cloud with NSX on AWS, Dell EMC, and AWS Outposts.mp4"
E:\eagle\CNET2068BU.mp4;"CNET2068BU - Next Generation Reference Design with NSX-T, Part 2.mp4"
E:\eagle\CNET2141BU.mp4;"CNET2141BU - HCX - Automating Workload Migration for Data Centers and Clouds.mp4"
E:\eagle\CNET2406BU.mp4;"CNET2406BU - NSX-T Design and Operations for PKS.mp4"
E:\eagle\CNET2503BU.mp4;"CNET2503BU - Overview of Network Automation with NSX-T.mp4"
E:\eagle\CNET2520BU.mp4;"CNET2520BU - Hybrid Cloud and Multi-Cloud Networking with NSX.mp4"
E:\eagle\CNET2588BU.mp4;"CNET2588BU - Network Automation with NSX-T and vRealize Automation.mp4"
E:\eagle\CNET2604BU.mp4;"CNET2604BU - Introduction to Container Networking.mp4"
E:\eagle\CNET2648BU.mp4;"CNET2648BU - NSX-T Deep Dive Automation from Install to Operations.mp4"
E:\eagle\CNET2650BU.mp4;"CNET2650BU - Virtual Networking Across Data Centers and Clouds with NSX.mp4"
E:\eagle\CNET2758BU.mp4;"CNET2758BU - A Walk-Through of the New NSX-T GUI.mp4"
E:\eagle\CNET2868BU.mp4;"CNET2868BU - Why the Rise of DevOps and DevSecOps Mandate Network Virtualization.mp4"
E:\eagle\CNET3048BU.mp4;"CNET3048BU - NSX-T Operations and Troubleshooting.mp4"
E:\eagle\CNET3380BU.mp4;"CNET3380BU - Using NSX-T to Modernize Your IT Infrastructure by IBM.mp4"
E:\eagle\CNET3628BUS.mp4;"CNET3628BUS - Edge to Hybrid Cloud, the Network Matters.mp4"
E:\eagle\CNET3671BU.mp4;"CNET3671BU - Modern Load Balancing 101.mp4"
E:\eagle\CNET3672BU.mp4;"CNET3672BU - Deep Automation and Self-service for Application Delivery.mp4"
E:\eagle\CNET3674BU.mp4;"CNET3674BU - Consistent Load Balancing for Multi-Cloud Environments.mp4"
E:\eagle\CNET4116BU.mp4;"CNET4116BU - The future of SD-WAN and SDN  Co-engineered by Dell EMC & VMware.mp4"
E:\eagle\CNET5669BUS.mp4;"CNET5669BUS - NETSCOUT ASI for Visibility & Troubleshooting into Applications with NSX-T.mp4"
E:\eagle\CNET5670BUS.mp4;"CNET5670BUS - Application Visibility & Troubleshooting the Virtual Cloud Network and NSX.mp4"
E:\eagle\CODE1151UR.mp4;"CODE1151UR - Build Your First Kubernetes Cluster on vSphere with Kubeadm.mp4"
E:\eagle\CODE1152U.mp4;"CODE1152U - Deploying Kubernetes Apps on PKS Using Native Tools, Helm, and Operators.mp4"
E:\eagle\CODE1156U.mp4;"CODE1156U - Applying Blockchain to Applications Where and How.mp4"
E:\eagle\CODE1162U.mp4;"CODE1162U - Build Cloud Native Applications the Kubernetes Way The Lessons We Learned.mp4"
E:\eagle\CODE1166U.mp4;"CODE1166U - How We Utilize Cluster API to Deliver Kubernetes on Multiple Providers.mp4"
E:\eagle\CODE1172UR.mp4;"CODE1172UR - The Genius of Kubernetes.mp4"
E:\eagle\CODE1178U.mp4;"CODE1178U - Make a Kubernetes App Publicly Accessible Load Balancer vs. Ingress.mp4"
E:\eagle\CODE1202U.mp4;"CODE1202U - Hands on with Microservices and Service Mesh on VMware PKS.mp4"
E:\eagle\CODE1316UR.mp4;"CODE1316UR - Horizon 7 Automation 101 How to Get Started with the Horizon API.mp4"
E:\eagle\CODE1360U.mp4;"CODE1360U - Kubernetes Operators for VMware Enterprise PKS and VMware Cloud PKS.mp4"
E:\eagle\CODE1369U.mp4;"CODE1369U - Cloud Native Storage Persistence for Stateful Apps.mp4"
E:\eagle\CODE1379UR.mp4;"CODE1379UR - ""If This Then That"" for vSphere - The Power of Event-Driven Automation.mp4"
E:\eagle\CODE1458U.mp4;"CODE1458U - Using VMware EUC APIs for Automation from a Fling Engineer.mp4"
E:\eagle\CODE1567U.mp4;"CODE1567U - Getting Started with VMware {code} Unified Endpoint Management Samples.mp4"
E:\eagle\CODE1569U.mp4;"CODE1569U - How to Create Custom Auto-Remediation and Rules in VMware Secure State.mp4"
E:\eagle\CODE1617UR.mp4;"CODE1617UR - NSX Automation with Ansible A Complete Guide for Day 0 Operations.mp4"
E:\eagle\CODE1635U.mp4;"CODE1635U - How Support and Feature Requests Work in Open-Source Projects (Kubernetes).mp4"
E:\eagle\CODE1696U.mp4;"CODE1696U - Automating vRealize Network Insight with PowerShell and Python.mp4"
E:\eagle\CODE1716U.mp4;"CODE1716U - DevOps Lessons at the Edge for Cloud Architects.mp4"
E:\eagle\CODE1725U.mp4;"CODE1725U - Your Kubernetes Cluster, Namespaces, and You.mp4"
E:\eagle\CODE1785U.mp4;"CODE1785U - Using AWS Lambda Functions for Multi-Cloud Governance.mp4"
E:\eagle\CODE1797U.mp4;"CODE1797U - Getting Started with Boto3, the AWS SDK for Python.mp4"
E:\eagle\CODE1804U.mp4;"CODE1804U - Zero to App Building Your First Application in Kubernetes.mp4"
E:\eagle\CODE1817UR.mp4;"CODE1817UR - Automating vCenter Server Appliance Update Lifecycle with APIs and PowerCLI.mp4"
E:\eagle\CODE1916U.mp4;"CODE1916U - VI Admin's Guide CNA and 12 Factors to Run and Manage Apps on PKS.mp4"
E:\eagle\CODE1992U.mp4;"CODE1992U - Simplifying Operations by Advancing Your Network with VMware SD-WAN.mp4"
E:\eagle\CODE2007U.mp4;"CODE2007U - An Essential Guide to Modernizing Windows-Based Workloads into Containers.mp4"
E:\eagle\CODE2214U.mp4;"CODE2214U - How PowerCLI Makes vSphere Configuration Management Easy.mp4"
E:\eagle\CODE2215U.mp4;"CODE2215U - Deep Dive on VMware Cloud on AWS APIs for Automation.mp4"
E:\eagle\CODE2216U.mp4;"CODE2216U - The Art of Code That Writes Code.mp4"
E:\eagle\CODE2219U.mp4;"CODE2219U - Python 101 for the vAdmin.mp4"
E:\eagle\CODE2394U.mp4;"CODE2394U - Hybrid Cloud Configuration and Day-to-Day Operations the API/CLI Way.mp4"
E:\eagle\CODE2484U.mp4;"CODE2484U - Rolling out vRealize Orchestrator Content with Git and Concourse.mp4"
E:\eagle\CODE2544U.mp4;"CODE2544U - Program NSX-T Network and Security Using Python/Java.mp4"
E:\eagle\CODE2639U.mp4;"CODE2639U - Application Lifecycle with Kubernetes and Cloud Automation Services.mp4"
E:\eagle\CODE2649U.mp4;"CODE2649U - How PowerCLI Gives Day 1 Access to the Latest VMware APIs.mp4"
E:\eagle\CODE2672U.mp4;"CODE2672U - Understanding Your Kubernetes Cluster.mp4"
E:\eagle\CODE2717U.mp4;"CODE2717U - DevOps in Real Time More Secure, Automatic Cloud Native App Updates with NSX and Bitnami.mp4"
E:\eagle\CODE2796U.mp4;"CODE2796U - Creating Your First Augmented Reality or Virtual Reality App.mp4"
E:\eagle\CODE2807U.mp4;"CODE2807U - Application Performance Management with Wavefront and a PKS Application.mp4"
E:\eagle\CODE2995U.mp4;"CODE2995U - Demystifying Istio and Envoy.mp4"
E:\eagle\CODE3057U.mp4;"CODE3057U - Be the Ninja Jump-Start into Containers and Kubernetes for IT Ops.mp4"
E:\eagle\CODE3059U.mp4;"CODE3059U - Use NSX-SM and Consul Connect to Federate Kubernetes and AWS EC2 Workloads.mp4"
E:\eagle\CODE3326U.mp4;"CODE3326U - Building and Controlling Modern REST APIs with OpenAPI and Kong.mp4"
E:\eagle\CODE3327U.mp4;"CODE3327U - Getting Started with Terraform and Ansible.mp4"
E:\eagle\CODE3328U.mp4;"CODE3328U - Kubernetes on AWS, You Dont Need a PHD to Deploy and Manage.mp4"
E:\eagle\CODE3330U.mp4;"CODE3330U - Automating Builds and Deployments, aka CI/CD for Dummies.mp4"
E:\eagle\CODE3331U.mp4;"CODE3331U - Machine Learning in Less Than 1 Hour with Python.mp4"
E:\eagle\CODE3332U.mp4;"CODE3332U - The Circle of (Token) Life.mp4"
E:\eagle\CODE3333U.mp4;"CODE3333U - Save the IT Department Add the Development Platform to Your Portfolio.mp4"
E:\eagle\CODE3452U.mp4;"CODE3452U - How to not go broke with CI/CD deployments.mp4"
E:\eagle\CODE3453U.mp4;"CODE3453U - The Fundamentals of Automating Software Delivery with Spinnaker.mp4"
E:\eagle\CODE3454U.mp4;"CODE3454U - Why and How Spinnaker and Kubernetes Work Together Seamlessly.mp4"
E:\eagle\CODE3455U.mp4;"CODE3455U - Deploying an OpenShift Cluster with VMware Cloud Assembly.mp4"
E:\eagle\CODE3457U.mp4;"CODE3457U - Achieving predictable response time for micro service based applications.mp4"
E:\eagle\CODE3458U.mp4;"CODE3458U - Achieving predictable response time for micro service based applications.mp4"
E:\eagle\CODE4840U.mp4;"CODE4840U - Continuous Verification The Missing Link to Fully Automate Your Pipeline.mp4"
E:\eagle\DEE1020BU.mp4;"DEE1020BU - How to Architect VMware Identity Manager.mp4"
E:\eagle\DEE1807BU.mp4;"DEE1807BU - Streamline Your Mobile App Development Lifecycle with the Workspace ONE SDK.mp4"
E:\eagle\DEE2023BU.mp4;"DEE2023BU - Workspace ONE and Azure AD Integration Deep Dive from the Trenches.mp4"
E:\eagle\DEE2174BU.mp4;"DEE2174BU - Best Practices to Succeed in Your Digital Workplace Project.mp4"
E:\eagle\DEE2294BU.mp4;"DEE2294BU - Zero Trust  Easily achieved with Workspace ONE Access (formerly Identity Manager).mp4"
E:\eagle\DEE2301BU.mp4;"DEE2301BU - Whats New Revolutionize Employee Productivity with Mobile Flows and Intelligent Hub.mp4"
E:\eagle\DEE2391BU.mp4;"DEE2391BU - Enable the Full Workspace ONE Intelligent Hub Experience to Drive Digital Transformation.mp4"
E:\eagle\DEE2495BU.mp4;"DEE2495BU - Enabling strong authentication for Workspace ONE Improve security and user experience.mp4"
E:\eagle\DEE2774BU.mp4;"DEE2774BU - Demystifying Enterprise Apps Secure Deployment, Access, and Management.mp4"
E:\eagle\DEE2965BU.mp4;"DEE2965BU - How to use Workspace ONE to transform your Employee Experience from Onboarding all the way to Offboarding.mp4"
E:\eagle\DEE3015BU.mp4;"DEE3015BU - Enabling AI-Powered Workspace ONE Digital Assistant in Intelligent Hub.mp4"
E:\eagle\DEE3022BU.mp4;"DEE3022BU - What's New with Workspace ONE Boxer, Web, Notebook, and Content.mp4"
E:\eagle\DEE3094BU.mp4;"DEE3094BU - A Customer Success-Driven Blueprint for Workspace ONE Adoption.mp4"
E:\eagle\DW3459KU.mp4;"DW3459KU - Showcase Keynote Becoming a Champion of Digital Employee Experience.mp4"
E:\eagle\EIOT2688BU.mp4;"EIOT2688BU - Chitale VMware Pulse IoT Center Automates a Leading Dairy Factory in India.mp4"
E:\eagle\EIOT2715BU.mp4;"EIOT2715BU - Edge Computing Innovations in Office of the CTO and Dell Technologies.mp4"
E:\eagle\EIOT2750BU.mp4;"EIOT2750BU - Extend Your Hybrid Cloud Strategy to the Edge with VMware Edge Solutions.mp4"
E:\eagle\EIOT3138BU.mp4;"EIOT3138BU - Introducing Pulse IoT Center 2.0.mp4"
E:\eagle\EIOT3144BU.mp4;"EIOT3144BU - How to Drive Measurable Business Value with IoT.mp4"
E:\eagle\EIOT3152BU.mp4;"EIOT3152BU - Unlocking Business Value with the Unified Management of OT and IT.mp4"
E:\eagle\EIOT3162BU.mp4;"EIOT3162BU - Living on the Edge A Day in the Life of an IoT Device.mp4"
E:\eagle\EIOT3170BU.mp4;"EIOT3170BU - Bring IT Security Standards to IoT and Edge with VMware and Forescout.mp4"
E:\eagle\EIOT3399BU.mp4;"EIOT3399BU - Secure Edge Systems and IoT Devices with VMware and Intel.mp4"
E:\eagle\HBI1027BU.mp4;"HBI1027BU - VMware Cloud Foundation on VxRail Accelerate Your Path to Hybrid Cloud.mp4"
E:\eagle\HBI1038BU.mp4;"HBI1038BU - Deploy and Maintain K8s Infrastructure with PKS on VMware Cloud Foundation.mp4"
E:\eagle\HBI1140BU.mp4;"HBI1140BU - Power Composable Hybrid Cloud with VMware Cloud Foundation on PowerEdge MX.mp4"
E:\eagle\HBI1223BU.mp4;"HBI1223BU - VMware Cloud on AWS Networking and Security Design.mp4"
E:\eagle\HBI1229BU.mp4;"HBI1229BU - Zero to DR in 60 Minutes VMware Site Recovery DRaaS Technical Deep Dive.mp4"
E:\eagle\HBI1259BU.mp4;"HBI1259BU - Accelerate VMware Cloud Foundation with VMware Cloud Builder.mp4"
E:\eagle\HBI1285BU.mp4;"HBI1285BU - Unraveling Fear, Uncertainty and Doubt in Cloud Economic Decision Risk.mp4"
E:\eagle\HBI1286BU.mp4;"HBI1286BU - VMware Cloud Foundation on VxRail The Simplest Path to Hybrid Cloud.mp4"
E:\eagle\HBI1314BU.mp4;"HBI1314BU - HM Health Solutions' Journey to a Secure Healthcare Cloud.mp4"
E:\eagle\HBI1321BU.mp4;"HBI1321BU - Building a Modern Cloud Hosting platform on VMware Cloud Foundation with VMware vCloud Director.mp4"
E:\eagle\HBI1338BU.mp4;"HBI1338BU - BYOA and Consuming Cloud Provider Container Services.mp4"
E:\eagle\HBI1359BU.mp4;"HBI1359BU - VMware and Runecast Next-Gen Troubleshooting Through the vSphere Client UI.mp4"
E:\eagle\HBI1395BU.mp4;"HBI1395BU - Hybrid Cloud State of the Union.mp4"
E:\eagle\HBI1396BU.mp4;"HBI1396BU - VMware Cloud Services Architecture.mp4"
E:\eagle\HBI1400BU.mp4;"HBI1400BU - Horizon on VMware Cloud Foundation A Turnkey SDDC Solution for VDI.mp4"
E:\eagle\HBI1402BU.mp4;"HBI1402BU - VMware Cloud on AWS Deploying a SaaS Platform Globally.mp4"
E:\eagle\HBI1414BU.mp4;"HBI1414BU - VMware Cloud on AWS SDDC Lifecycle Management and Customer Experience.mp4"
E:\eagle\HBI1421BU.mp4;"HBI1421BU - Innovations in vMotion Features, Performance, and Best Practices.mp4"
E:\eagle\HBI1428BU.mp4;"HBI1428BU - VMware Cloud on Dell EMC Technical Overview.mp4"
E:\eagle\HBI1432BUR.mp4;"HBI1432BUR - VMware Cloud Foundation Strategy, Capabilities, and Technology Direction.mp4"
E:\eagle\HBI1448BU.mp4;"HBI1448BU - VMware Cloud Foundation and vRealize Suite Better Together.mp4"
E:\eagle\HBI1462BU.mp4;"HBI1462BU - Planning for a Successful vSphere Upgrade.mp4"
E:\eagle\HBI1463BU.mp4;"HBI1463BU - VMware Cloud on AWS Advanced Automation Techniques.mp4"
E:\eagle\HBI1464BU.mp4;"HBI1464BU - Upgrading your vSphere Environment HM Health Solutions' Experience.mp4"
E:\eagle\HBI1469BU.mp4;"HBI1469BU - vSphere Client Journey from a Customer's Perspective.mp4"
E:\eagle\HBI1488BU.mp4;"HBI1488BU - Managing SSL Certificates and Vulnerability Scans in vSphere.mp4"
E:\eagle\HBI1494BU.mp4;"HBI1494BU - Taming Multiple Distributed Private Clouds with VMware Cloud Foundation.mp4"
E:\eagle\HBI1502BU.mp4;"HBI1502BU - Accelerate Your Hybrid Cloud Journey with VMware Cloud on AWS What's New.mp4"
E:\eagle\HBI1514BU.mp4;"HBI1514BU - VMware Cloud Foundation and HPE Synergy The Ultimate Hybrid Cloud.mp4"
E:\eagle\HBI1516BU.mp4;"HBI1516BU - Building the Best of Both Worlds A Story of Hybrid Clouds.mp4"
E:\eagle\HBI1517BU.mp4;"HBI1517BU - Operationalizing Machine Learning Platforms with VMware Cloud Foundation.mp4"
E:\eagle\HBI1539BU.mp4;"HBI1539BU - What's New in vSphere Health.mp4"
E:\eagle\HBI1540BU.mp4;"HBI1540BU - VMware Tools The Lowdown.mp4"
E:\eagle\HBI1545BU.mp4;"HBI1545BU - Microsoft Application Workloads on VMware Cloud on AWS Doing It Right.mp4"
E:\eagle\HBI1546BU.mp4;"HBI1546BU - How GPU-Assisted ML for Medical Research Proved to Be a Force for Good.mp4"
E:\eagle\HBI1576BU.mp4;"HBI1576BU - A Year in the Life of an HCI Admin.mp4"
E:\eagle\HBI1584BU.mp4;"HBI1584BU - How to Care for Your vCenter Server on Day 2.mp4"
E:\eagle\HBI1585BU.mp4;"HBI1585BU - Manage Multiple K8 Cluster on Multiple Clouds PKS on VMware Cloud Foundation.mp4"
E:\eagle\HBI1586BU.mp4;"HBI1586BU - Network Insight, Can You Quickly Help Us Migrate to VMware Cloud on AWS.mp4"
E:\eagle\HBI1592BU.mp4;"HBI1592BU - Consuming NSX Edge Services A Case Study with Rackspace.mp4"
E:\eagle\HBI1593BU.mp4;"HBI1593BU - Easily Deploy Enterprise VDI Architecture with VMware Cloud Foundation.mp4"
E:\eagle\HBI1637BU.mp4;"HBI1637BU - VMware Validated Design Intro and Its Future with VMware Cloud Foundation.mp4"
E:\eagle\HBI1643BU.mp4;"HBI1643BU - VMware Cloud Marketplace Buy ISV Apps for VMware Platforms.mp4"
E:\eagle\HBI1652BU.mp4;"HBI1652BU - Troubleshooting VMware Cloud on AWS and NSX-T.mp4"
E:\eagle\HBI1729BU.mp4;"HBI1729BU - PowerCLI Deep Dive.mp4"
E:\eagle\HBI1734BU.mp4;"HBI1734BU - Fully Automated Template Management.mp4"
E:\eagle\HBI1743BU.mp4;"HBI1743BU - Introduction to PowerCLI.mp4"
E:\eagle\HBI1764BU.mp4;"HBI1764BU - vSphere Admin Guide to VMware Validated Designs and VMware Cloud Foundation.mp4"
E:\eagle\HBI1855BU.mp4;"HBI1855BU - Delivering Custom Services Through vCloud Director Extensibility.mp4"
E:\eagle\HBI1865BU.mp4;"HBI1865BU - Skyline Proactive Support for the Software-Defined Data Center.mp4"
E:\eagle\HBI1866BU.mp4;"HBI1866BU - VMware Cloud on AWS Storage Architecture and Design Options.mp4"
E:\eagle\HBI1868BU.mp4;"HBI1868BU - Proactive Support with Dell SupportAssist and VMware Skyline.mp4"
E:\eagle\HBI1871BU.mp4;"HBI1871BU - VMware Cloud on AWS Developing Hybrid Applications with AWS Services.mp4"
E:\eagle\HBI1896BU.mp4;"HBI1896BU - Cloud Migration and Disaster Recovery with vCloud Availability 3.0.mp4"
E:\eagle\HBI1918BU.mp4;"HBI1918BU - Rackspace on Building a SDDCaaS with VMware Cloud Foundation.mp4"
E:\eagle\HBI1924BU.mp4;"HBI1924BU - VMware Cloud on AWS SDDC Availability Deep Dive.mp4"
E:\eagle\HBI1928BU.mp4;"HBI1928BU - Building a Smart City with VMware Cloud Foundation and NTT Group.mp4"
E:\eagle\HBI1932BU.mp4;"HBI1932BU - Datacenter Extension with VMware Cloud on AWS.mp4"
E:\eagle\HBI1947BU.mp4;"HBI1947BU - Encrypting VMs on Standalone Hosts Tech Preview.mp4"
E:\eagle\HBI1956BU.mp4;"HBI1956BU - GSS Talks Virtual Volumes It's Time to Step into the Future.mp4"
E:\eagle\HBI1964BU.mp4;"HBI1964BU - Get Ahead of Support The Keys to Understanding the Top 10 GSS Issues.mp4"
E:\eagle\HBI1967BU.mp4;"HBI1967BU - Workload Migration Techniques for On-Premises and Cloud Infrastructures.mp4"
E:\eagle\HBI1973BU.mp4;"HBI1973BU - The Next Generation of Lifecycle Management for vCenter Server.mp4"
E:\eagle\HBI1975BU.mp4;"HBI1975BU - VMware Cloud on Dell EMC Technical Deep Dive.mp4"
E:\eagle\HBI1980BU.mp4;"HBI1980BU - VMware Cloud on Dell EMC Customer Experiences, Architectures, and Benefits.mp4"
E:\eagle\HBI1989BU.mp4;"HBI1989BU - All About NVMe and Its Use Cases in a Cloud Environment.mp4"
E:\eagle\HBI2002BU.mp4;"HBI2002BU - A Journey Toward a Data-Centric Future with Virtualization and RDMA.mp4"
E:\eagle\HBI2022BU.mp4;"HBI2022BU - Case Study of a Small Business from Minnesota Building an SDDC.mp4"
E:\eagle\HBI2044BU.mp4;"HBI2044BU - VMware Cloud Foundation Deep Dive.mp4"
E:\eagle\HBI2047BU.mp4;"HBI2047BU - Synergy Composability for VMware Cloud Foundation.mp4"
E:\eagle\HBI2075BU.mp4;"HBI2075BU - Demystifying Intel Optane DC Persistent Memory in a Virtualized Environment.mp4"
E:\eagle\HBI2090BU.mp4;"HBI2090BU - Extreme Performance Series vSphere + Intel Optane DC PMEM=Max Performance.mp4"
E:\eagle\HBI2136BU.mp4;"HBI2136BU - vSphere Networking in the Data-Centric Future.mp4"
E:\eagle\HBI2138BU.mp4;"HBI2138BU - Disaster Recovery with VMware HCX and VMware Site Recovery.mp4"
E:\eagle\HBI2146BU.mp4;"HBI2146BU - Running Container-Based Workloads on VMware Cloud Foundation.mp4"
E:\eagle\HBI2186BU.mp4;"HBI2186BU - vSphere HA and DRS Hybrid Cloud Deep Dive.mp4"
E:\eagle\HBI2225BU.mp4;"HBI2225BU - Rapid Migration to VMware Cloud on AWS Real-World Lessons Learned.mp4"
E:\eagle\HBI2247BU.mp4;"HBI2247BU - Building Global Citrix Virtual Apps and Desktops with VMware Cloud on AWS.mp4"
E:\eagle\HBI2267BU.mp4;"HBI2267BU - vSAN Stretched Clusters and DR Simplified by VMware Cloud Foundation.mp4"
E:\eagle\HBI2278BU.mp4;"HBI2278BU - 60 Minutes of Non-Uniform Memory Architecture.mp4"
E:\eagle\HBI2293BU.mp4;"HBI2293BU - Build a Killer Application with VMware Cloud on Dell EMC.mp4"
E:\eagle\HBI2333BU.mp4;"HBI2333BU - How to Get the Most Out of vSphere vMotion.mp4"
E:\eagle\HBI2359BU.mp4;"HBI2359BU - A Practitioner's Guide to Migrating Workloads to VMware Cloud on AWS.mp4"
E:\eagle\HBI2362BU.mp4;"HBI2362BU - Leveraging the Latest Server Technologies in vSphere.mp4"
E:\eagle\HBI2367BU.mp4;"HBI2367BU - Empower the Future of Modern Applications with VMware Cloud on Dell EMC.mp4"
E:\eagle\HBI2376BU.mp4;"HBI2376BU - Deploying and Running Red Hat OpenShift on VMware.mp4"
E:\eagle\HBI2452BU.mp4;"HBI2452BU - vCloud Director.Next  Deliver Cloud Services on Any VMware Endpoint.mp4"
E:\eagle\HBI2474BU.mp4;"HBI2474BU - Leveraging vSphere Content Library for Template Version Management.mp4"
E:\eagle\HBI2494BU.mp4;"HBI2494BU - Extreme Performance Series vSphere Compute and Memory Schedulers.mp4"
E:\eagle\HBI2497BU.mp4;"HBI2497BU - How VMware vSphere and NVIDIA GPUs Accelerate Your Organization.mp4"
E:\eagle\HBI2525BU.mp4;"HBI2525BU - Anatomy of a Hybrid Cloud; Accelerate IT with VMware Cloud Foundation.mp4"
E:\eagle\HBI2526BU.mp4;"HBI2526BU - Extreme Performance Series Performance Best Practices.mp4"
E:\eagle\HBI2559BU.mp4;"HBI2559BU - VMware Cloud Foundation Real-World Deployment Experiences.mp4"
E:\eagle\HBI2603BU.mp4;"HBI2603BU - Making the Hybrid Cloud Work for You.mp4"
E:\eagle\HBI2641BU.mp4;"HBI2641BU - What Is a VMware Cloud Provider.mp4"
E:\eagle\HBI2642BU.mp4;"HBI2642BU - Extend your Virtual Desktop infrastructure with Horizon 7 on VMware cloud..mp4"
E:\eagle\HBI2654BU.mp4;"HBI2654BU - What's New in VMware Fusion and VMware Workstation.mp4"
E:\eagle\HBI2721BU.mp4;"HBI2721BU - Compliance, VMware Cloud Foundation, and VMware Validated Designs.mp4"
E:\eagle\HBI2726BU.mp4;"HBI2726BU - Preemptive Solutions for Compliance Readiness.mp4"
E:\eagle\HBI2735BU.mp4;"HBI2735BU - Blueprint for a More Secure, Compliance-Ready SDDC Using Compliance Kits.mp4"
E:\eagle\HBI2751BU.mp4;"HBI2751BU - Core Storage Best Practices Enabling Your Storage to be Reliable.mp4"
E:\eagle\HBI2767BU.mp4;"HBI2767BU - How to Deploy the VMware Cloud Provider Platform in Your Sleep.mp4"
E:\eagle\HBI2792BU.mp4;"HBI2792BU - Getting More Out of Site Recovery Manager An Advanced Configuration Guide.mp4"
E:\eagle\HBI2797BU.mp4;"HBI2797BU - Accelerate Multi Cloud adoption via VMware Managed Service Providers (MSP).mp4"
E:\eagle\HBI2806BU.mp4;"HBI2806BU - Expedient Hyper-growth cloud provider powered by VMware vCloud Director.mp4"
E:\eagle\HBI2822BU.mp4;"HBI2822BU - Horizon View Cloud Pod Architecture Best Practices and Lessons Learned.mp4"
E:\eagle\HBI2853BU.mp4;"HBI2853BU - vSphere Virtual Volumes Technical Deep Dive.mp4"
E:\eagle\HBI2880BU.mp4;"HBI2880BU - Extreme Performance Series DRS 2.0 Performance Deep Dive.mp4"
E:\eagle\HBI2887BU.mp4;"HBI2887BU - The Hitchhikers Guide to Hybrid Cloud on VMware Validated Design.mp4"
E:\eagle\HBI2915BU.mp4;"HBI2915BU - Moving into Your SDDC Migrating Workloads to VMware Cloud Foundation.mp4"
E:\eagle\HBI2948BU.mp4;"HBI2948BU - Virtualization 101.mp4"
E:\eagle\HBI2961BU.mp4;"HBI2961BU - vSphere Remote Office Branch Office Benefits of Virtualized Remote Offices.mp4"
E:\eagle\HBI3051BU.mp4;"HBI3051BU - Multisite vCloud Director Architecture Best Practices and Success Stories.mp4"
E:\eagle\HBI3109BU.mp4;"HBI3109BU - VMware Site Recovery Whats New with DRaaS on VMware Cloud on AWS.mp4"
E:\eagle\HBI3243BU.mp4;"HBI3243BU - Virtualizing Mac Infrastructure at Scale A CI Case Study with Dropbox.mp4"
E:\eagle\HBI3295BU.mp4;"HBI3295BU - VMware Cloud on AWS Compliance and Privacy Strategy.mp4"
E:\eagle\HBI3306BU.mp4;"HBI3306BU - VMware Cloud on AWS SRE Day 2 Operations Service Support.mp4"
E:\eagle\HBI3371BU.mp4;"HBI3371BU - Accelerating Your On-Premises-to-Cloud Journey with Skytap on IBM Cloud.mp4"
E:\eagle\HBI3416BUS.mp4;"HBI3416BUS - Why should I use Virtual Volumes technical review..mp4"
E:\eagle\HBI3487BUS.mp4;"HBI3487BUS - Rethink Data Protection & Management for VMware.mp4"
E:\eagle\HBI3493BUS.mp4;"HBI3493BUS - Best Practices for Snapshot Heavy Environments.mp4"
E:\eagle\HBI3496BUS.mp4;"HBI3496BUS - Take IT to the track!! Self-Driving Datacenter, seatbelts required!.mp4"
E:\eagle\HBI3501BUS.mp4;"HBI3501BUS - Cloud without Chaos Accelerate your cloud adoption with Dell Technologies.mp4"
E:\eagle\HBI3502BUS.mp4;"HBI3502BUS - Failproof, On-demand DR with VMware Cloud on AWS.mp4"
E:\eagle\HBI3505BUS.mp4;"HBI3505BUS - VAIO for IT Resilience  Zerto & VMware with what you need to know.mp4"
E:\eagle\HBI3512BUS.mp4;"HBI3512BUS - Achieve 99.99% Uptime for Your Most Mission Critical Workloads.mp4"
E:\eagle\HBI3516BUS.mp4;"HBI3516BUS - Scaling Virtual Infrastructure for the Enterprise Truths, Beliefs and the Real World.mp4"
E:\eagle\HBI3517BUS.mp4;"HBI3517BUS - Architecting an Elegant Data Management Strategy with Rubrik.mp4"
E:\eagle\HBI3518BUS.mp4;"HBI3518BUS - Modern Data Management for Service Providers with vCD and Rubrik.mp4"
E:\eagle\HBI3532BUS.mp4;"HBI3532BUS - Enhancing Data Protection for vSphere with Whats Coming from Veeam.mp4"
E:\eagle\HBI3533BUS.mp4;"HBI3533BUS - Migration and Data Strategy with VMware Cloud on AWS.mp4"
E:\eagle\HBI3534BUS.mp4;"HBI3534BUS - How to use Amazon RDS to create and manage databases on your on-premises VMware infrastructure.mp4"
E:\eagle\HBI3535BUS.mp4;"HBI3535BUS - Backups are just the start! Enhanced Data Mobility with Veeam.mp4"
E:\eagle\HBI3548BU.mp4;"HBI3548BU - Designing VMware Cloud on AWS with cloud based NFS datastores.mp4"
E:\eagle\HBI3549BUS.mp4;"HBI3549BUS - Accelerate Innovation by taking advantage of hybrid multicloud environments.mp4"
E:\eagle\HBI3569BUS.mp4;"HBI3569BUS - Data Protection in the Hybrid Cloud Comprehensive and Simple.mp4"
E:\eagle\HBI3594BUS.mp4;"HBI3594BUS - Leap Forward and Defy Limits with HPE Primera and Nimble dHCI for VMware.mp4"
E:\eagle\HBI3604BUS.mp4;"HBI3604BUS - AWS 101 Cloud is the new normal.mp4"
E:\eagle\HBI4115BU.mp4;"HBI4115BU - Running High Value Workloads on the Dell Technologies Cloud with VCF Integration and Dell EMC Storage.mp4"
E:\eagle\HBI4198BUS.mp4;"HBI4198BUS - Any Workload Anywhere Enabling Hybrid Cloud from Data Center to the Edge.mp4"
E:\eagle\HBI4250BUS.mp4;"HBI4250BUS - How to Extend Availability to the Application Layer Across the Hybrid Cloud.mp4"
E:\eagle\HBI4446BU.mp4;"HBI4446BU - VMware in Any Cloud Introducing Microsoft Azure and Google Cloud VMware Solutions.mp4"
E:\eagle\HBI4500BU.mp4;"HBI4500BU - Project Pacific Technical Overview Unifying vSphere and Kubernetes.mp4"
E:\eagle\HBI4937BU.mp4;"HBI4937BU - Introducing Project Pacific Transforming vSphere into the App Platform of the Future.mp4"
E:\eagle\HBO1094BU.mp4;"HBO1094BU - Best Practices for vRealize Operations Workload Optimization.mp4"
E:\eagle\HBO1136BU.mp4;"HBO1136BU - It's Not 2005 Anymore Stop Using Excel for Capacity Management.mp4"
E:\eagle\HBO1138BU.mp4;"HBO1138BU - Yes, Mr. CFO, IT Is Expensive  Understand Why with vRealize Operations.mp4"
E:\eagle\HBO1139BU.mp4;"HBO1139BU - You Get a Cloud and You Get a Cloud Monitoring with vRealize Operations.mp4"
E:\eagle\HBO1180BU.mp4;"HBO1180BU - The Big Ticket Whats New in vRealize Operations.mp4"
E:\eagle\HBO1183BU.mp4;"HBO1183BU - Introducing vRealize Operations as a Service.mp4"
E:\eagle\HBO1288BU.mp4;"HBO1288BU - Accelerate application deployment with vRealize Automation Cloud A Customer Journey.mp4"
E:\eagle\HBO1323BU.mp4;"HBO1323BU - Evolving vRealize Automation.mp4"
E:\eagle\HBO1422BU.mp4;"HBO1422BU - How vRealize Suite Works with VMware Cloud on AWS.mp4"
E:\eagle\HBO1649BU.mp4;"HBO1649BU - Creating a Cohesive Monitoring Strategy with IHS Markit.mp4"
E:\eagle\HBO1689BU.mp4;"HBO1689BU - Get More Insight into Your Network with vRealize Network Insight.mp4"
E:\eagle\HBO1755BU.mp4;"HBO1755BU - Tales from the field, vSAN production Operations for real customer success.mp4"
E:\eagle\HBO1899BU.mp4;"HBO1899BU - Network Automation with NSX and VMware Cloud Automation.mp4"
E:\eagle\HBO2114BU.mp4;"HBO2114BU - Architecting and Extending vRealize Operations for VMware Cloud on AWS.mp4"
E:\eagle\HBO2281BU.mp4;"HBO2281BU - Getting Started with Site Recovery Manager.mp4"
E:\eagle\HBO2643BU.mp4;"HBO2643BU - The Story of VMware Multi-Cloud.mp4"
E:\eagle\HBO2768BU.mp4;"HBO2768BU - Site Recovery Manager Technical Walk-Through with Engineering.mp4"
E:\eagle\HBO2769BU.mp4;"HBO2769BU - Kubernetes and Cloud Automation Services A Primer.mp4"
E:\eagle\HBO2789BU.mp4;"HBO2789BU - Drive Accountability and Efficiency with VMwares Cloud Management Platform.mp4"
E:\eagle\HBO2958BU.mp4;"HBO2958BU - Site Recovery Manager DR Testing at Its Finest.mp4"
E:\eagle\HBO2979BU.mp4;"HBO2979BU - How American Airlines Built a More Secure Hybrid Cloud with IBM and VMware HCX.mp4"
E:\eagle\HBO3088BU.mp4;"HBO3088BU - Game of Clouds E1 The Map, the Law and the Future of VMware Cloud Management.mp4"
E:\eagle\HBO3090BU.mp4;"HBO3090BU - Game of Clouds E3 The Magic and the Reality of Self Driving Operations.mp4"
E:\eagle\HBO3093BU.mp4;"HBO3093BU - Game of Clouds E2 Winning the Battle of IT Automation and Self-Service.mp4"
E:\eagle\HBO3381BU.mp4;"HBO3381BU - Applying Machine Learning to Reduce Day 2 Troubleshooting and Headaches.mp4"
E:\eagle\HBO3626BUS.mp4;"HBO3626BUS - Azure VMware Solutions  Run your VMware workloads natively on Azure.mp4"
E:\eagle\HBO3784BUS.mp4;"HBO3784BUS - Milliseconds Matter - Global Connectivity in the Hybrid Cloud Era.mp4"
E:\eagle\HBO4249BUS.mp4;"HBO4249BUS - How to Obtain and Use analytics to Optimize Hybrid-cloud Deployments.mp4"
E:\eagle\HCI1041BU.mp4;"HCI1041BU - Show Me the Money Measuring ROI with HCI.mp4"
E:\eagle\HCI1048BU.mp4;"HCI1048BU - Real-World vSAN Deployment Considerations.mp4"
E:\eagle\HCI1175BU.mp4;"HCI1175BU - vSAN Technical Deep Dive.mp4"
E:\eagle\HCI1192BU.mp4;"HCI1192BU - Understand vSAN in Less Than 1 Hour.mp4"
E:\eagle\HCI1199BU.mp4;"HCI1199BU - vSAN Data-at-Rest Encryption Deep Dive.mp4"
E:\eagle\HCI1207BU.mp4;"HCI1207BU - HCI Management Current and Future.mp4"
E:\eagle\HCI1210BU.mp4;"HCI1210BU - Current and Future of vSAN Operations with vRealize Operations.mp4"
E:\eagle\HCI1215BU.mp4;"HCI1215BU - vSAN End-to-End Demos of the Latest vSAN Operational Enhancements.mp4"
E:\eagle\HCI1308BU.mp4;"HCI1308BU - Come Dive In An In-Depth Look at Day 2 Operations with VMware vSAN.mp4"
E:\eagle\HCI1330BU.mp4;"HCI1330BU - What's New in VMware vSAN 6.7 Update 3.mp4"
E:\eagle\HCI1339BU.mp4;"HCI1339BU - vSAN Administration Optimized Through vRealize Operations and Log Insight.mp4"
E:\eagle\HCI1342BU.mp4;"HCI1342BU - Deconstructing vSAN A Deep Dive into the Internals of vSAN.mp4"
E:\eagle\HCI1346BU.mp4;"HCI1346BU - A Practical Guide to Troubleshooting vSAN Performance.mp4"
E:\eagle\HCI1417BU.mp4;"HCI1417BU - HCI Tools Assessing and Sizing a Real Customer Environment for vSAN.mp4"
E:\eagle\HCI1606BU.mp4;"HCI1606BU - SAP HANA on vSAN Best Practice Recommendations and Lessons Learned.mp4"
E:\eagle\HCI1607BU.mp4;"HCI1607BU - Architecting Next-Gen Applications Cassandra on vSAN in a Hybrid Cloud.mp4"
E:\eagle\HCI1619BU.mp4;"HCI1619BU - Troubleshooting Performance Issues with vSAN Performance Diagnostics.mp4"
E:\eagle\HCI1620BU.mp4;"HCI1620BU - Artificial Intelligence and Machine Learning for HCI Where Were Going.mp4"
E:\eagle\HCI1650BU.mp4;"HCI1650BU - Optimize vSAN performance using vRealize Operations and Reinforcement Learning.mp4"
E:\eagle\HCI1678BU.mp4;"HCI1678BU - Operationalizing VMware vSAN Youve Implemented vSAN, Now What.mp4"
E:\eagle\HCI1701BU.mp4;"HCI1701BU - Leveraging vSAN as a Path to the Hybrid Cloud World.mp4"
E:\eagle\HCI1724BU.mp4;"HCI1724BU - Back with Act 2.0 SDDC, Automation, Apps, and Beyond.mp4"
E:\eagle\HCI1754BU.mp4;"HCI1754BU - VMware Data Management 4 Core Use Cases Every Company Must Address.mp4"
E:\eagle\HCI1757BU.mp4;"HCI1757BU - Optimizing vSAN for Performance.mp4"
E:\eagle\HCI1821BU.mp4;"HCI1821BU - Designing and Managing a vSAN Cluster for the Highest Availability Levels.mp4"
E:\eagle\HCI1825BU.mp4;"HCI1825BU - Automate VMware HCI Deployments at Any Scale with PowerCLI.mp4"
E:\eagle\HCI1833BU.mp4;"HCI1833BU - Successfully Architect VMware HCI for Remote and Branch Offices.mp4"
E:\eagle\HCI1836BU.mp4;"HCI1836BU - vSAN Networking Design and Configuration Decisions.mp4"
E:\eagle\HCI1845BU.mp4;"HCI1845BU - Top 10 Things to Know About vSphere and vSAN Networking.mp4"
E:\eagle\HCI1864BU.mp4;"HCI1864BU - Automating vSAN from CLI to API PowerCLI, Govc, and Beyond.mp4"
E:\eagle\HCI1870BU.mp4;"HCI1870BU - vSphere High Availability Recommended Practices for VMware vSAN.mp4"
E:\eagle\HCI1878BU.mp4;"HCI1878BU - Successful Deployment of Splunk on VMware HCI VMware IT Case Study.mp4"
E:\eagle\HCI1891BU.mp4;"HCI1891BU - Best Practices for HCI Performance Benchmarking.mp4"
E:\eagle\HCI1941BU.mp4;"HCI1941BU - Architecting Hadoop Workloads on HCI Powered by VMware vSAN.mp4"
E:\eagle\HCI1952BU.mp4;"HCI1952BU - Resync Redefined Safety Efficiency and Monitoring of vSAN Resync.mp4"
E:\eagle\HCI2040BU.mp4;"HCI2040BU - The Definitive Guide to vSphere Storage for Kubernetes.mp4"
E:\eagle\HCI2046BU.mp4;"HCI2046BU - vSAN at U-Haul Moving From a Painful Start to Massive Success.mp4"
E:\eagle\HCI2049BU.mp4;"HCI2049BU - vSAN Trends from the Trenches What Our Largest Global Customers Are Doing.mp4"
E:\eagle\HCI2055BU.mp4;"HCI2055BU - Data Protection Solutions for VMware vSAN.mp4"
E:\eagle\HCI2097BU.mp4;"HCI2097BU - Top 5 Reasons to Move to HCI.mp4"
E:\eagle\HCI2168BU.mp4;"HCI2168BU - vSAN Stretched Cluster Considerations and Best Practices.mp4"
E:\eagle\HCI2185BU.mp4;"HCI2185BU - A Guide to vSAN Performance A VM-Centric Approach.mp4"
E:\eagle\HCI2256BU.mp4;"HCI2256BU - HCI Upgrade Let's Simplify and Automate the Mundane.mp4"
E:\eagle\HCI2344BU.mp4;"HCI2344BU - Achieving Enterprise Comfort with vSAN.mp4"
E:\eagle\HCI2380BU.mp4;"HCI2380BU - vSAN First Aid and Emergency Response Guide.mp4"
E:\eagle\HCI2547BU.mp4;"HCI2547BU - VMware vSAN for Cloud Providers Technical Overview.mp4"
E:\eagle\HCI2733BU.mp4;"HCI2733BU - Hyperconverged Infrastructure Present and Future.mp4"
E:\eagle\HCI2763BU.mp4;"HCI2763BU - Technical Deep Dive on Cloud Native Storage for vSphere.mp4"
E:\eagle\HCI2888BU.mp4;"HCI2888BU - Site Recovery Manager 8.2 What's New and Demo.mp4"
E:\eagle\HCI2894BU.mp4;"HCI2894BU - Tech Preview of Site Recovery Manager with Virtual Volumes.mp4"
E:\eagle\HCI2978BU.mp4;"HCI2978BU - vSAN 2-Node in ROBO Locations Lessons from the Field.mp4"
E:\eagle\HCI3062BU.mp4;"HCI3062BU - Healthcare on vSAN.mp4"
E:\eagle\HCI3120BU.mp4;"HCI3120BU - Architecting for Operational Excellence in Higher Education.mp4"
E:\eagle\HCI3321BU.mp4;"HCI3321BU - The HPE Software-Defined Data and Analytics Platform with VMware.mp4"
E:\eagle\HCI3450BU.mp4;"HCI3450BU - vSAN Best Practices.mp4"
E:\eagle\HCI3451BU.mp4;"HCI3451BU - vSphere External Storage for the Hybrid Cloud.mp4"
E:\eagle\HCI3476BUS.mp4;"HCI3476BUS - How to match workloads to clouds for best fit consumption and management..mp4"
E:\eagle\HCI3551KU.mp4;"HCI3551KU - Showcase Keynote HCI - The Foundation for your Future-proof Infrastructure.mp4"
E:\eagle\HCI3710BUS.mp4;"HCI3710BUS - Optimize Infrastructure Modernization using vSAN and Intel Optane Technologies.mp4"
E:\eagle\HYB3544KU.mp4;"HYB3544KU - Showcase Keynote Hybrid Cloud  Transform Infrastructure and Operations from the Data Center to the Cloud.mp4"
E:\eagle\KUB1126BU.mp4;"KUB1126BU - Cloud Native Fundamentals Containers and Kubernetes 101 for the VI Admin.mp4"
E:\eagle\KUB1133BU.mp4;"KUB1133BU - Peanut Butter and Jelly Why Virtual Machines and Containers Go Together.mp4"
E:\eagle\KUB1168BU.mp4;"KUB1168BU - Monitor Health State of a Large Fleet of Kubernetes Clusters with Wavefront.mp4"
E:\eagle\KUB1208BU.mp4;"KUB1208BU - Deep Dive - Kubernetes Resource Management for vSphere Admins.mp4"
E:\eagle\KUB1218BU.mp4;"KUB1218BU - Kubernetes Security Move Fast Without Breaking Things.mp4"
E:\eagle\KUB1357BU.mp4;"KUB1357BU - Full-Stack Troubleshooting Wavefront Automated K8s and App Observability.mp4"
E:\eagle\KUB1762BU.mp4;"KUB1762BU - The vSphere Administrator's Guide to the Kubernetes Galaxy.mp4"
E:\eagle\KUB1835BU.mp4;"KUB1835BU - Introducing VMware Tanzu Mission Control Manage Kubernetes at Scale.mp4"
E:\eagle\KUB1840BU.mp4;"KUB1840BU - Run Upstream Kubernetes Consistently Across Clouds with VMware Tanzu.mp4"
E:\eagle\KUB1851BU.mp4;"KUB1851BU - More Devs, No Problem Managing Self-service Access with VMware Tanzu.mp4"
E:\eagle\KUB1862BU.mp4;"KUB1862BU - Service Mesh, Tracing, Prometheus Wavefront Provides Observability for All.mp4"
E:\eagle\KUB1879BU.mp4;"KUB1879BU - Guts and Glory How to Make Kubernetes Work for Your Organization.mp4"
E:\eagle\KUB1939BU.mp4;"KUB1939BU - Cross-Cluster and Cross-Cloud Service Mesh Architecture and Use Cases.mp4"
E:\eagle\KUB1995BU.mp4;"KUB1995BU - Design and Deploy Windows Containers on Kubernetes with VMware PKS.mp4"
E:\eagle\KUB2069BU.mp4;"KUB2069BU - Extend Your Existing vSphere Environments to Operate Kubernetes.mp4"
E:\eagle\KUB2410BU.mp4;"KUB2410BU - Pivotal Cloud Foundry Cross-Stack Visibility with Wavefront.mp4"
E:\eagle\KUB2517BU.mp4;"KUB2517BU - Kubernetes Lessons Learned Tips and Tricks from 50+ Kubernetes Deployments.mp4"
E:\eagle\KUB2663BU.mp4;"KUB2663BU - Unifying IT Monitoring with vSAN Telegraf Plugin for Wavefront.mp4"
E:\eagle\KUB2857BU.mp4;"KUB2857BU - Case Study How Swisscom Simplified Multitenancy with Kubernetes.mp4"
E:\eagle\KUB2883BU.mp4;"KUB2883BU - Transform Your vSphere Team to Operate Kubernetes as a Service.mp4"
E:\eagle\KUB3002BU.mp4;"KUB3002BU - Run Kubernetes run. Five steps to run VMware PKS day-to-day.mp4"
E:\eagle\KUB3415BUS.mp4;"KUB3415BUS - Kubernetes in the EnterpriseKS, Pure Storage, and the VMware SDDC.mp4"
E:\eagle\KUB3507BUS.mp4;"KUB3507BUS - Running Enterprise Grade Kubernetes on vSAN Google Anthos and VMware Enterprise PKS.mp4"
E:\eagle\KUB4114BU.mp4;"KUB4114BU - Enterprise-ready Kubernetes Your Path to Cloud-native Applications with Dell Technologies.mp4"
E:\eagle\KUB4298BUS.mp4;"KUB4298BUS - Youve made Kubernetes available to your Developers, Now What.mp4"
E:\eagle\MC3545KU.mp4;"MC3545KU - Showcase Keynote Multi-Cloud Strategies to Operate at Scale.mp4"
E:\eagle\MCO1169BU.mp4;"MCO1169BU - Manage Cost in Hundreds of Kubernetes Clusters in a Multi-Cloud Environment.mp4"
E:\eagle\MCO1186BU.mp4;"MCO1186BU - Wavefront, We Have a Problem Quicker Fault Isolation Across the Stack.mp4"
E:\eagle\MCO1348BU.mp4;"MCO1348BU - Customer Use Case Cloud Transformation with Wavefront by VMware.mp4"
E:\eagle\MCO1405BU.mp4;"MCO1405BU - Observability 101 for Practitioners Maximizing Cloud Services Reliability.mp4"
E:\eagle\MCO1425BU.mp4;"MCO1425BU - Deep Dive Use VMware Secure State to Secure Your Multi-Cloud Environments.mp4"
E:\eagle\MCO1427BU.mp4;"MCO1427BU - How Real Customers Fixed Risky Misconfigurations in AWS and Azure.mp4"
E:\eagle\MCO1528BU.mp4;"MCO1528BU - Totally Bankable Making Multi-Cloud Management a (Cost-Effective) Reality.mp4"
E:\eagle\MCO1626BU.mp4;"MCO1626BU - AWS Security Breachow to Prevent and Recover From It.mp4"
E:\eagle\MCO1642BU.mp4;"MCO1642BU - 8x8 Shares its Operational Practices for Cloud Service SLOs and SLAs.mp4"
E:\eagle\MCO1687BU.mp4;"MCO1687BU - Is IT Ready to Enable Success in Your Multi-Cloud Environment.mp4"
E:\eagle\MCO1781BU.mp4;"MCO1781BU - Application Migration in Multi-Cloud Using Network Insight and CloudHealth.mp4"
E:\eagle\MCO2050BU.mp4;"MCO2050BU - Multi-Cloud Pattern The Six Sevens of Data Orchestration.mp4"
E:\eagle\MCO2231BU.mp4;"MCO2231BU - What You Need to Know About the VMware Cloud Assembly IaaS API.mp4"
E:\eagle\MCO2414BU.mp4;"MCO2414BU - Developing Your Cloud Center of Excellence with CloudHealth.mp4"
E:\eagle\MCO2417BU.mp4;"MCO2417BU - Master Reserved Instance Management with CloudHealth.mp4"
E:\eagle\MCO2418BU.mp4;"MCO2418BU - Optimizing Public Cloud Spend with CloudHealth and Onica.mp4"
E:\eagle\MCO2435BU.mp4;"MCO2435BU - Keep Track of Your Costs; It's Imperative and Good for Your Health.mp4"
E:\eagle\MCO2438BU.mp4;"MCO2438BU - Not Your Grandfathers CMP CloudHealth Modernize Cloud Management.mp4"
E:\eagle\MCO2439BU.mp4;"MCO2439BU - Introduction to Multi-Cloud Governance.mp4"
E:\eagle\MCO2457BU.mp4;"MCO2457BU - vRealize Suite Lifecycle Manager - Technical Deep Dive and Troubleshooting.mp4"
E:\eagle\MCO2823BU.mp4;"MCO2823BU - Avengers Style - How BookMyShow Optimizes Cloud Apps with Wavefront.mp4"
E:\eagle\MCO3148BU.mp4;"MCO3148BU - Bridging IT and OT by combining Pulse IoT Center, vRA and vRO.mp4"
E:\eagle\MCO3531BU.mp4;"MCO3531BU - Securing your Software Supply Chain in a Multi-cloud World.mp4"
E:\eagle\MCO3538BUS.mp4;"MCO3538BUS - Best Practices for Cloud Migration and Acceleration.mp4"
E:\eagle\MCO4151BUS.mp4;"MCO4151BUS - In Defense of the Multi-Cloud.mp4"
E:\eagle\MLA1294BU.mp4;"MLA1294BU - The Role of Artificial Intelligence and Machine Learning in Security.mp4"
E:\eagle\MLA1594BU.mp4;"MLA1594BU - Optimize Virtualized Deep Learning Performance with New Intel Architectures.mp4"
E:\eagle\MLA1710BU.mp4;"MLA1710BU - Managing Tomorrow's IT Can AI and Humans Be Team Players.mp4"
E:\eagle\MLA1852BU.mp4;"MLA1852BU - Next-Generation Machine Learning Architecture.mp4"
E:\eagle\MLA2036BU.mp4;"MLA2036BU - VI Admin's Guide Supporting Container-Based Machine Learning with PKS.mp4"
E:\eagle\MLA2336BU.mp4;"MLA2336BU - AI-Driven Support Harnessing ML for Next-Generation Proactive Support.mp4"
E:\eagle\MLA2612BU.mp4;"MLA2612BU - Machine Learning with GPU Using Cloud Automation Services and Bitfusion.mp4"
E:\eagle\MLA2646BU.mp4;"MLA2646BU - Machine Learning Architectures Current and Future ML Design Options.mp4"
E:\eagle\MLA3061BU.mp4;"MLA3061BU - Support Hub How Machine Learning is Making Support a Newly Magical Experience.mp4"
E:\eagle\MLA3388BU.mp4;"MLA3388BU - Scaling the Virtualization Hurdle for Machine Learning, Big Data and HPC.mp4"
E:\eagle\MLA3390BU.mp4;"MLA3390BU - Running GPU-Accelerated Data Science Workflows Virtually using NVIDIA vGPU.mp4"
E:\eagle\MLA3411BU.mp4;"MLA3411BU - Start Your AI Journey with VMware Cloud Foundation-based Analytics Platform.mp4"
E:\eagle\MLA3601BUS.mp4;"MLA3601BUS - Power the Modern Data Center Whats New with vSphere and NVIDIA GPUs.mp4"
E:\eagle\MOD3543KU.mp4;"MOD3543KU - Showcase Keynote Kubernetes and the Cloud Native Journey.mp4"
E:\eagle\NEDG1085BU.mp4;"NEDG1085BU - Breaking with Tradition How VMware IT Transformed WAN with VMware SD-WAN.mp4"
E:\eagle\NEDG1333BU.mp4;"NEDG1333BU - Consuming Service Provider SD-WAN Services.mp4"
E:\eagle\NEDG2576BU.mp4;"NEDG2576BU - Know, Understand, Execute Network Monitoring and Analytics with SD-WAN.mp4"
E:\eagle\NEDG2577BU.mp4;"NEDG2577BU - Why Your Digital Transformation Needs SD-WAN.mp4"
E:\eagle\NEDG2579BU.mp4;"NEDG2579BU - SD-WAN Use Cases Hybrid WAN, Cloud Shift, Security, and More.mp4"
E:\eagle\NEDG2592BU.mp4;"NEDG2592BU - All the Acronyms uCPE, NFV, and SD-WAN for the Future and Beyond.mp4"
E:\eagle\NEDG2596BU.mp4;"NEDG2596BU - SD-WAN and 5G A Two-Pronged Approach to a Strategic Network Edge.mp4"
E:\eagle\NEDG2598BU.mp4;"NEDG2598BU - SD-WAN and Your Business Ensuring You Have a Business-Ready Network.mp4"
E:\eagle\NEDG2600BU.mp4;"NEDG2600BU - Achieving a Best-of-Breed SD-WAN Technology Ecosystem.mp4"
E:\eagle\NEDG2601BU.mp4;"NEDG2601BU - Going All the Way with SD-WAN and Virtualization A Case Study.mp4"
E:\eagle\NEDG2605BU.mp4;"NEDG2605BU - Network Edge The New Frontier for EUC, IoT, 5G, and Beyond.mp4"
E:\eagle\NEDG2608BU.mp4;"NEDG2608BU - Easy Peasy Answers for Your Common SD-WAN Adoption Questions.mp4"
E:\eagle\NEDG2613BU.mp4;"NEDG2613BU - Extending vRealize Network Insight Capabilities with VMware SD-WAN.mp4"
E:\eagle\NEDG2617BU.mp4;"NEDG2617BU - Match Made in Heaven SD-WAN for Azure, AWS, and Google Cloud Platform.mp4"
E:\eagle\NEDG3480BU.mp4;"NEDG3480BU - Dell IT Our Software-Defined Journey - Implementing VMware SD-WAN by VeloCloud.mp4"
E:\eagle\NETS3413KU.mp4;"NETS3413KU - Showcase Keynote Networking and Security for the Cloud Era.mp4"
E:\eagle\OCTO1079BU.mp4;"OCTO1079BU - Hybrid Cloud Runtime Reference Architecture with the VMware OCTO.mp4"
E:\eagle\OCTO1872BU.mp4;"OCTO1872BU - Inside VMwares Innovation Engine Our Innovators Speak.mp4"
E:\eagle\OCTO1911BU.mp4;"OCTO1911BU - Project Pathway - A Paradigm Shift in Corporate WAN.mp4"
E:\eagle\OCTO2501BU.mp4;"OCTO2501BU - Post-Quantum Cryptography What Every Security Professional Should Know.mp4"
E:\eagle\OCTO2527BU.mp4;"OCTO2527BU - Toward a Unified Trusted Computing Framework in Virtualized Environments.mp4"
E:\eagle\OCTO2534BU.mp4;"OCTO2534BU - An Architecture for Managing NVMe over Fabrics.mp4"
E:\eagle\OCTO2657BU.mp4;"OCTO2657BU - VMware Blockchain Distributed Trust at Scale.mp4"
E:\eagle\OCTO2718BU.mp4;"OCTO2718BU - Accelerating Intra-Host PVRDMA Storage Traffic in a Future Dell AMD Server.mp4"
E:\eagle\OCTO2746BU.mp4;"OCTO2746BU - Big Memory with VMware Cluster Memory.mp4"
E:\eagle\OCTO2793BU.mp4;"OCTO2793BU - Employee Superpowers with Spatial Computing and Artificial Intelligence.mp4"
E:\eagle\OCTO2944BU.mp4;"OCTO2944BU - Armed and Ready VMware Tech and Solutions on Arm-Based Systems.mp4"
E:\eagle\SAI1017BU.mp4;"SAI1017BU - Apply Consistent Security Across VMs, Containers, and Bare Metal.mp4"
E:\eagle\SAI1087BU.mp4;"SAI1087BU - How VMware IT Leveraged the VMware Service-Defined Firewall.mp4"
E:\eagle\SAI1164BU.mp4;"SAI1164BU - Practical Guide to Multi-layered Security in the SDDC.mp4"
E:\eagle\SAI1268BU.mp4;"SAI1268BU - Introduction to AppDefense.mp4"
E:\eagle\SAI1295BU.mp4;"SAI1295BU - Ensure Good App Behavior with AppDefense App Verification Cloud.mp4"
E:\eagle\SAI1452BU.mp4;"SAI1452BU - NSX Service-Defined Firewall Reference Architecture Deep Dive.mp4"
E:\eagle\SAI1529BU.mp4;"SAI1529BU - NSX-T Firewall Design and Deployment Best Practices.mp4"
E:\eagle\SAI1847BU.mp4;"SAI1847BU - Introduction to the VMware NSX Service-Defined Firewall.mp4"
E:\eagle\SAI1986BU.mp4;"SAI1986BU - Agentless Anti-Virus with NSX-T Guest Introspection Deep Dive.mp4"
E:\eagle\SAI2134BU.mp4;"SAI2134BU - Secure Your VMs with vSphere and AppDefense.mp4"
E:\eagle\SAI2565BU.mp4;"SAI2565BU - What's New with NSX-T Micro-Segmentation.mp4"
E:\eagle\SAI2781BU.mp4;"SAI2781BU - NSX-T Advanced Security and Networking Service Insertion Deep Dive.mp4"
E:\eagle\SAI2849BU.mp4;"SAI2849BU - Deploying AppDefense Use Cases and Customer Examples.mp4"
E:\eagle\SAI3071BU.mp4;"SAI3071BU - Using VMware NSX Policy and Analytics to Address Key Challenges in Security.mp4"
E:\eagle\SAI3196BU.mp4;"SAI3196BU - AppDefense Reference Architecture Deep Dive.mp4"
E:\eagle\SAI3336BU.mp4;"SAI3336BU - Best Practices Security and Compliance for Cloud Workloads.mp4"
E:\eagle\SAI3503BUS.mp4;"SAI3503BUS - Best Practices for Architecting Hybrid Cloud Security.mp4"
E:\eagle\SAI3508BUS.mp4;"SAI3508BUS - Security Past, Present and Future  Securing your Evolving Infrastructure.mp4"
E:\eagle\SAI3510BUS.mp4;"SAI3510BUS - Healthy Expansion CHRISTUS Healths Virtualization Journey.mp4"
E:\eagle\SAI3673BU.mp4;"SAI3673BU - Analytics-driven Application Security and Web Application Firewall.mp4"
E:\eagle\SAI4118BU.mp4;"SAI4118BU - Data Guardians of the Galaxy Securing the Future of your Endpoints.mp4"
E:\eagle\SEC3412KU.mp4;"SEC3412KU - Showcase Keynote Intrinsic Security - How Your VMware Infrastructure Can Turn the Tide in Cybersecurity.mp4"
E:\eagle\T5G1105BU.mp4;"T5G1105BU - Achieving High Performance with NFV Data Plane Workloads The Secrets.mp4"
E:\eagle\T5G1731BU.mp4;"T5G1731BU - Accelerating VMware vCloud NFV Delivery A Case Study.mp4"
E:\eagle\T5G1919BU.mp4;"T5G1919BU - Deploying VMware vCloud NFV Integrated OpenStack A Step-by-Step Approach.mp4"
E:\eagle\T5G2264BU.mp4;"T5G2264BU - Ericsson Virtual Packet Gateway on vCloud NFV Cooperation and Optimization.mp4"
E:\eagle\T5G3863BUS.mp4;"T5G3863BUS - Samsung Knox Evolution to Hyper-Connectivity.mp4"
E:\eagle\T5G3864BU.mp4;"T5G3864BU - Evolving your network with 5G and SD-WAN.mp4"
E:\eagle\UEM1438BU.mp4;"UEM1438BU - Opportunity Knocks! Support All Enterprise Endpoints by Extending Workspace ONE.mp4"
E:\eagle\UEM1454BU.mp4;"UEM1454BU - Workspace ONE AirLift Get to Windows 10 Modern Management Faster.mp4"
E:\eagle\UEM1455BU.mp4;"UEM1455BU - Not Just Physical Workspace ONE UEM Management of Horizon VDI.mp4"
E:\eagle\UEM1460BU.mp4;"UEM1460BU - Windows 10 Troubleshooting Tips and Tricks.mp4"
E:\eagle\UEM1558BU.mp4;"UEM1558BU - How to Design a Zero-Trust Architecture Using Workspace ONE.mp4"
E:\eagle\UEM1570BU.mp4;"UEM1570BU - Mastering the Move to Windows 10 Modern Management with Workspace ONE.mp4"
E:\eagle\UEM1810BU.mp4;"UEM1810BU - Jump-Start Device Administrator to Android Enterprise Migration.mp4"
E:\eagle\UEM1856BU.mp4;"UEM1856BU - Workspace ONE Intelligence  Automation, Dashboards and Reports Introduction.mp4"
E:\eagle\UEM1929BU.mp4;"UEM1929BU - Migrating Your Workspace ONE Deployment to the Cloud.mp4"
E:\eagle\UEM2099BU.mp4;"UEM2099BU - Live Demo - macOS Management from Zero to ONE.mp4"
E:\eagle\UEM2155BU.mp4;"UEM2155BU - Security Takes a Village Leveraging Workspace ONE Trust Network.mp4"
E:\eagle\UEM2262BU.mp4;"UEM2262BU - Deep(er) Dive into Enterprise iOS Management.mp4"
E:\eagle\UEM2263BU.mp4;"UEM2263BU - Make Zero-Touch Provisioning on Windows 10 a Reality for Your Organization.mp4"
E:\eagle\UEM2350BU.mp4;"UEM2350BU - Getting the Most Out of Microsoft 365 and Workspace ONE Together.mp4"
E:\eagle\UEM2505BU.mp4;"UEM2505BU - Leveraging In-Product Support for Workspace ONE UEM.mp4"
E:\eagle\UEM2679BU.mp4;"UEM2679BU - Take This Job and Love It Make the Most of Your UEM Solution with Dell Technologies and VMware.mp4"
E:\eagle\UEM2684BU.mp4;"UEM2684BU - Upgrade Unlocked Fusing Intelligent Automation with Proactive Support.mp4"
E:\eagle\UEM2912BU.mp4;"UEM2912BU - Workspace ONE Data Loss Prevention Technical Overview.mp4"
E:\eagle\UEM2988BU.mp4;"UEM2988BU - Android Enterprise Modernize Your Rugged Deployments.mp4"
E:\eagle\UEM3009BU.mp4;"UEM3009BU - Whats New with Workspace ONE.mp4"
E:\eagle\UEM3121BU.mp4;"UEM3121BU - Employee Experience Management for the Modern Workplace.mp4"
E:\eagle\UEM3592BUS.mp4;"UEM3592BUS - BeyondCorp a new approach to enterprise security.mp4"
E:\eagle\UEM3675BUS.mp4;"UEM3675BUS - Juggling Okta, Workspace ONE, and Office 365.mp4"
E:\eagle\BCA1116BU.mp4;"BCA1116BU - Architecting Business-Critical Oracle Workloads on the VMware SDDC Platform.mp4"
E:\eagle\BCA2551BU.mp4;"BCA2551BU - Extreme Performance Series Low Latency Media and Entertainment Workloads.mp4"
E:\eagle\BCA3382BU.mp4;"BCA3382BU - Move SAP Workloads on VMware into Cloud without Re-architecting.mp4"
E:\eagle\BCA4906BUS.mp4;"BCA4906BUS - Mission Critical as Code Goes Public.mp4"
E:\eagle\CNET2841BU.mp4;"CNET2841BU - NSX-T Deep Dive Connecting Clouds and Data Centers via NSX-T VPN.mp4"
E:\eagle\CODE1801U.mp4;"CODE1801U - What Is Service Mesh, and Why Do I Need One.mp4"
E:\eagle\CODE2221U.mp4;"CODE2221U - Achieving Predictable Response Time for Micro Service Based Applications on a Service Mesh.mp4"
E:\eagle\CODE3102U.mp4;"CODE3102U - Getting Started with Service Mesh.mp4"
E:\eagle\CODE3456U.mp4;"CODE3456U - Deploying an OpenShift Cluster with VMware Cloud Assembly.mp4"
E:\eagle\CODE4013U.mp4;"CODE4013U - Shortcut and Better Secure Modern App Development with Bitnami Containers and Chart Foundations.mp4"
E:\eagle\CODE4019BU.mp4;"CODE4019BU - Continuously Refresh your IT Self Service Catalogs, Providing Click-to-Deploy Simplicity for your Enterprise.mp4"
E:\eagle\CODE4328U.mp4;"CODE4328U - Introduction to Raspberry Pi and Sensor Programming.mp4"
E:\eagle\CODE4340U.mp4;"CODE4340U - Kubernetes on Rasberry Pi.mp4"
E:\eagle\CODE4341U.mp4;"CODE4341U - Pulse IoT Center - Collecting Metrics and sending Commands using Raspberry PI.mp4"
E:\eagle\DEE3477BU.mp4;"DEE3477BU - Delivering Modern Management Capabilities with Workspace ONE.mp4"
E:\eagle\DEE4398BUS.mp4;"DEE4398BUS - The shift towards employee experience.mp4"
E:\eagle\EIOT3157BU.mp4;"EIOT3157BU - ExxonMobil Lessons Learned in IoT.mp4"
E:\eagle\EIOT3704BUS.mp4;"EIOT3704BUS - A New Theory of Gravity Shift to Edge Computing.mp4"
E:\eagle\HBI1145BU.mp4;"HBI1145BU - VMware HCX for Cloud Providers Architecture Deep Dive.mp4"
E:\eagle\HBI1158BU.mp4;"HBI1158BU - vRealize Operations for Cloud Providers.mp4"
E:\eagle\HBI1325BU.mp4;"HBI1325BU - VMware Cloud on AWS and vRealize Automation Cloud  Better Together.mp4"
E:\eagle\HBI1418BU.mp4;"HBI1418BU - Architecting Oracle and SAP on VMware Cloud on AWS.mp4"
E:\eagle\HBI1420BU.mp4;"HBI1420BU - Accelerating Oracle and SAP with vSphere 6.7 Hardware Accelerators.mp4"
E:\eagle\HBI1503BU.mp4;"HBI1503BU - Delivering The Easy Button for VMware Cloud.mp4"
E:\eagle\HBI1688BU.mp4;"HBI1688BU - Managing vSphere Certificates A Simplified Technical Overview and Preview.mp4"
E:\eagle\HBI1900BU.mp4;"HBI1900BU - Business-Critical App Validation on vSAN with VMware Cloud Foundation.mp4"
E:\eagle\HBI1953BU.mp4;"HBI1953BU - vSphere Security News You Can Use.mp4"
E:\eagle\HBI2064BU.mp4;"HBI2064BU - Building the Ultimate Hybrid Cloud with VMware Cloud Foundation and VMware Cloud on AWS.mp4"
E:\eagle\HBI2109BU.mp4;"HBI2109BU - Unpacking ESXi What's New and What's Next.mp4"
E:\eagle\HBI2137BU.mp4;"HBI2137BU - vCenter Journey from the Data Center to the Hybrid Cloud.mp4"
E:\eagle\HBI2217BU.mp4;"HBI2217BU - Deep Diving in What's New with vCenter Server.mp4"
E:\eagle\HBI2227BU.mp4;"HBI2227BU - A Practitioner's Guide to vCenter Server Architecture.mp4"
E:\eagle\HBI2349BU.mp4;"HBI2349BU - The Business Value of Data Center Virtualization and Private Cloud.mp4"
E:\eagle\HBI2748BU.mp4;"HBI2748BU - Driving Business Benefits Through Hybrid Cloud IT Outcomes.mp4"
E:\eagle\HBI2893BUR.mp4;"HBI2893BUR - What's New with vSphere.mp4"
E:\eagle\HBI3049BU.mp4;"HBI3049BU - VMware Cloud on AWS Outposts Understanding the Tech and Business Value.mp4"
E:\eagle\HBI3486BUS.mp4;"HBI3486BUS - Hybrid Cloud on AWS Protect all your VMware environments.mp4"
E:\eagle\HBI3591BUS.mp4;"HBI3591BUS - Building Modern Hybrid Applications with Google Cloud Anthos and VMware.mp4"
E:\eagle\HBI4355BU.mp4;"HBI4355BU - Power the Future of Hybrid IT with VMware Cloud Services.mp4"
E:\eagle\HBI4988BUS.mp4;"HBI4988BUS - True Stories Innovation powered by VMware Cloud Foundation.mp4"
E:\eagle\HBI5577BES.mp4;"HBI5577BES - Be Datacenter ready for Hybrid Multi Cloud with NetApp HCI & VMware vSphere.mp4"
E:\eagle\HBO1080BU.mp4;"HBO1080BU - Continuous Application Delivery with Code Stream A customer journey.mp4"
E:\eagle\HBO1786BU.mp4;"HBO1786BU - The Secrets to Achieving a Competitive Advantage with vRealize Automation.mp4"
E:\eagle\HBO2498BU.mp4;"HBO2498BU - vRealize Automation Cloud with VMware Cloud on AWS IHS Markit.mp4"
E:\eagle\HBO3559BU.mp4;"HBO3559BU - vRealize Automation Cloud Developers Paradise on any cloud, on any device.mp4"
E:\eagle\HBO3561BU.mp4;"HBO3561BU - Leveraging advanced features of vRealize Operations in security policies.mp4"
E:\eagle\HCI1086BU.mp4;"HCI1086BU - Modernizing the Data Center Faster to Market Through Innovation for Sky.mp4"
E:\eagle\HCI1177BU.mp4;"HCI1177BU - vSAN Stretched Clusters Technical Deep Dive.mp4"
E:\eagle\HCI1231BU.mp4;"HCI1231BU - High Storage Capacity Deployments on VMware Cloud Leveraging Elastic vSAN.mp4"
E:\eagle\HCI1293BU.mp4;"HCI1293BU - vSAN Resilience What's New to Help Run Your Workloads With Confidence.mp4"
E:\eagle\HCI1712BU.mp4;"HCI1712BU - The vSAN Hardware Platform and Its Importance on vSAN Deployment.mp4"
E:\eagle\HCI1981BU.mp4;"HCI1981BU - Modernize Your HCI Data Center with vRealize Operations and vSAN.mp4"
E:\eagle\HCI3482BUS.mp4;"HCI3482BUS - Build an Agile Hybrid Cloud with VMware and HPE Composable Solutions.mp4"
E:\eagle\HCI3560BU.mp4;"HCI3560BU - A New Model for IAAS Shifting SLAs to VMware with VMC on Dell EMC.mp4"
E:\eagle\KUB2011BU.mp4;"KUB2011BU - Case Study How Domino's Delivers Pizzas with Containers and Kubernetes.mp4"
E:\eagle\MCO1213BU.mp4;"MCO1213BU - Migrate Your Business to the Cloud and Keep Your Expenses on the Ground.mp4"
E:\eagle\MCO2970BU.mp4;"MCO2970BU - Building Compute Towers Intent-Based Provisioning in a Multi-Cloud World.mp4"
E:\eagle\MCO3529BU.mp4;"MCO3529BU - The Multi-cloud Builder's Journey.mp4"
E:\eagle\MLA2021BU.mp4;"MLA2021BU - How Machine Learning Enables the Self-Aware Hybrid Cloud.mp4"
E:\eagle\MLA3098BU.mp4;"MLA3098BU - IT Superpowers Reinforcement Learning for the Self-Driving Data Center.mp4"
E:\eagle\OCTO2079BU.mp4;"OCTO2079BU - The Age of Digital Entanglement How Six Technologies Will Alter IT Forever.mp4"
E:\eagle\OCTO2509BU.mp4;"OCTO2509BU - Network Slicing and Multi-Cloud Service Orchestration for 5G.mp4"
E:\eagle\UEM1063BU.mp4;"UEM1063BU - How to Architect and Deploy Workspace ONE Assist Remote Support.mp4"
E:\eagle\UEM1789BU.mp4;"UEM1789BU - Enhance User and Device Security Posture with Workspace ONE Intelligence.mp4"
E:\eagle\UEM2038BU.mp4;"UEM2038BU - Risk Analytics The Next Step in Securing the Digital Workspace.mp4"
